"Product Name","Featured Image"
"Party Set &#8211; Tinkerbell","http://mayhem-and-madness.com/wp-content/uploads/2014/06/TinkerBell_2194942100-TBL0NNG2._V390906629__SL940_.jpg"
"Party Set &#8211; Mickey Mouse","http://mayhem-and-madness.com/wp-content/uploads/2014/06/Mickey-Mouse-3D-HD.jpg"
"Party Set &#8211; Pirate","http://mayhem-and-madness.com/wp-content/uploads/2014/06/Pirate-Party-good-party-themes-300x300.jpg"
"Party Set &#8211; Disney Princess","http://mayhem-and-madness.com/wp-content/uploads/2014/06/1635_PrincessesGroup_501.jpg"
"Party Set &#8211; Jungle","http://mayhem-and-madness.com/wp-content/uploads/2014/06/jungleanimalpartygames.jpg"
"Party Set &#8211; Winnie-the-Pooh","http://mayhem-and-madness.com/wp-content/uploads/2014/06/51593-winnie-the-pooh-winnie-the-pooh.jpg"
"Party Set &#8211; Cars","http://mayhem-and-madness.com/wp-content/uploads/2014/06/lightning_mcqueen_cars_movie-wallpaper-1920x1200.jpg"
"Baby Cot Coin Bag (Pink)","http://mayhem-and-madness.com/wp-content/uploads/2014/06/IMG_2445.jpg"
"Baby Photo Frame","http://mayhem-and-madness.com/wp-content/uploads/2014/06/IMG_2493.jpg"
"Baby Boy Coin Bag","http://mayhem-and-madness.com/wp-content/uploads/2014/06/IMG_2484.jpg"
"Baby Girl Coin Bag","http://mayhem-and-madness.com/wp-content/uploads/2014/06/IMG_2490.jpg"
"Teddy Bear Favor (Blue)","http://mayhem-and-madness.com/wp-content/uploads/2014/06/IMG_2466.jpg"
"Teddy Bear Favor (Pink)","http://mayhem-and-madness.com/wp-content/uploads/2014/06/IMG_2465.jpg"
"Bib Coin Bag (Blue)","http://mayhem-and-madness.com/wp-content/uploads/2014/06/IMG_2481.jpg"
"Bib Coin Bag (Pink)","http://mayhem-and-madness.com/wp-content/uploads/2014/06/IMG_2482.jpg"
"Baby Boy Bottle","http://mayhem-and-madness.com/wp-content/uploads/2014/06/IMG_2451.jpg"
"Baby Girl Bottle","http://mayhem-and-madness.com/wp-content/uploads/2014/06/IMG_2449.jpg"
"Baby Boy Hanging","http://mayhem-and-madness.com/wp-content/uploads/2014/06/IMG_2506.jpg"
"Baby Girl Hanging","http://mayhem-and-madness.com/wp-content/uploads/2014/06/IMG_2506.jpg"
"Baby Boy Stickers","http://mayhem-and-madness.com/wp-content/uploads/2014/06/IMG_2472.jpg"
"Baby Girl Stickers (Copy)","http://mayhem-and-madness.com/wp-content/uploads/2014/06/IMG_2470.jpg"
"Baby Horse Hanging (Blue)","http://mayhem-and-madness.com/wp-content/uploads/2014/06/IMG_2460.jpg"
"Baby Horse Hanging (Pink)","http://mayhem-and-madness.com/wp-content/uploads/2014/06/IMG_2463.jpg"
"Baby Girl Stickers","http://mayhem-and-madness.com/wp-content/uploads/2014/06/IMG_2470.jpg"
"Baby Pram Hanging (Blue)","http://mayhem-and-madness.com/wp-content/uploads/2014/06/IMG_2512.jpg"
"Baby Pram Hanging (Pink)","http://mayhem-and-madness.com/wp-content/uploads/2014/06/IMG_2456.jpg"
"Mom to be Sash","http://mayhem-and-madness.com/wp-content/uploads/2014/06/IMG_2511.jpg"
"Eyelet Paper Lamps (Green 14&#8243;)","http://mayhem-and-madness.com/wp-content/uploads/2014/06/Eye_LimeFizzLit_S.jpg"
"Eyelet Paper Lamps (White 14&#8243;)","http://mayhem-and-madness.com/wp-content/uploads/2014/06/white_holes_lg_lantern_01.jpg"
"Eyelet Paper Lamps (Dark Pink 14&#8243;)","http://mayhem-and-madness.com/wp-content/uploads/2014/06/light-pink-eyelet-paper-lantern-10-inch.jpg"
"Feather Boa &#8211; Purple","http://mayhem-and-madness.com/wp-content/uploads/2014/06/boa-purple-hr.jpg"
"Feather Boa &#8211; Magenta (Copy)","http://mayhem-and-madness.com/wp-content/uploads/2014/06/feather-boa-royalblue-600.jpg"
"Feather Boa &#8211; Yellow","http://mayhem-and-madness.com/wp-content/uploads/2014/06/fbyello_1.jpg"
"Feather Boa &#8211; Magenta (Copy)","http://mayhem-and-madness.com/wp-content/uploads/2014/06/hot_pink_feather_boas_6_foot_partymart.jpg"
"Feather Boa &#8211; Pink","http://mayhem-and-madness.com/wp-content/uploads/2014/06/40grcfb_candypink.png"
"Feather Boa &#8211; White","http://mayhem-and-madness.com/wp-content/uploads/2014/06/1544-252-thickbox.jpg"
"Feather Boa &#8211; Red","http://mayhem-and-madness.com/wp-content/uploads/2014/06/red_boa_-_1.jpg"
"Feather Boa &#8211; Green","http://mayhem-and-madness.com/wp-content/uploads/2014/06/green-feather-boa__93154_zoom.jpg"
"Feather Boa &#8211; Magenta","http://mayhem-and-madness.com/wp-content/uploads/2014/06/hot_pink_feather_boas_6_foot_partymart.jpg"
"Football Hooter","http://mayhem-and-madness.com/wp-content/uploads/2014/06/IMG_2442.jpg"
"Football Shades","http://mayhem-and-madness.com/wp-content/uploads/2014/06/IMG_2441.jpg"
"Football Lover&#8217;s Pack","http://mayhem-and-madness.com/wp-content/uploads/2014/06/fifa21.jpg1.jpg"
"Magnetic Darts Bar Game","http://mayhem-and-madness.com/wp-content/uploads/2014/06/02482677.interactive.a.jpg"
"Eyelet Paper Lamps (Pink 14&#8243;)","http://mayhem-and-madness.com/wp-content/uploads/2014/06/pink_holes_lg_lantern_04.jpg"
"Eyelet Paper Lamps (Blue 14&#8243;)","http://mayhem-and-madness.com/wp-content/uploads/2014/06/61yPI+V4miL._SX342_.jpg"
"Eyelet Paper Lamps (Orange 14&#8243;)","http://mayhem-and-madness.com/wp-content/uploads/2014/06/orange_holes_lg_lantern_01_1.jpg"
"Multicolored Paper Lamps(14&#8243;) (Copy)","http://mayhem-and-madness.com/wp-content/uploads/2014/06/10009313_837435832940407_1030618370_n.png"
"Multicolored Paper Lamps(14&#8243;)","http://mayhem-and-madness.com/wp-content/uploads/2014/06/10009313_837435832940407_1030618370_n.png"
"Glow in the Dark Bracelets (100pcs)","http://mayhem-and-madness.com/wp-content/uploads/2014/06/pile-of-glow-in-the-dark-bracelets.jpg"
"Glow in the Dark Bracelets (50pcs)","http://mayhem-and-madness.com/wp-content/uploads/2014/06/original3.156346.1.jpg"
"Glow in the Dark Bracelets (20pcs)","http://mayhem-and-madness.com/wp-content/uploads/2014/06/original3.156346.1.jpg"
"Glow in the Dark Bracelets (20pcs)","http://mayhem-and-madness.com/wp-content/uploads/2014/06/original3.156346.1.jpg"
"Chocolate Car","http://mayhem-and-madness.com/wp-content/uploads/2014/05/IMG_2407.jpg"
"Baby Cycle Basket (Blue)","http://mayhem-and-madness.com/wp-content/uploads/2014/05/IMG_2406.jpg"
"Glow Triple-wide Bracelet (Red)","http://mayhem-and-madness.com/wp-content/uploads/2014/05/glow-bracelets-triple-wide-red-d1.jpg"
"Glow Triple-wide Bracelet (Yellow)","http://mayhem-and-madness.com/wp-content/uploads/2014/05/YELLOW.jpg"
"Glow Ball (Yellow)","http://mayhem-and-madness.com/wp-content/uploads/2014/05/glow-ball-lantern-yellow-large.jpg"
"Glow Ball (Yellow","http://mayhem-and-madness.com/wp-content/uploads/2014/05/glow-ball-lantern-yellow-large.jpg"
"Glow Ball (Red)","http://mayhem-and-madness.com/wp-content/uploads/2014/05/530858379_o.jpg"
"Flying Bats Shades (Golden)","http://mayhem-and-madness.com/wp-content/uploads/2014/05/IMG_2413.jpg"
"Small Lips Shades (Purple)","http://mayhem-and-madness.com/wp-content/uploads/2014/05/IMG_2415.jpg"
"Small Lips Shades (Pink)","http://mayhem-and-madness.com/wp-content/uploads/2014/05/IMG_2412.jpg"
"Small Lips Shades (Blue)","http://mayhem-and-madness.com/wp-content/uploads/2014/05/IMG_2414.jpg"
"Tiara with Pearls (Red)","http://mayhem-and-madness.com/wp-content/uploads/2014/05/IMG_2419.jpg"
"Giant Heart Shades (Silver)","http://mayhem-and-madness.com/wp-content/uploads/2014/05/IMG_2432.jpg"
"Giant Heart Shades (Golden)","http://mayhem-and-madness.com/wp-content/uploads/2014/05/IMG_2433.jpg"
"Giant Heart Shades (Green)","http://mayhem-and-madness.com/wp-content/uploads/2014/05/IMG_2429.jpg"
"Giant Heart Shades (Red)","http://mayhem-and-madness.com/wp-content/uploads/2014/05/IMG_2431.jpg"
"Giant Heart Shades (Blue)","http://mayhem-and-madness.com/wp-content/uploads/2014/05/IMG_2431.jpg"
"Giant Lips Shades (Blue)","http://mayhem-and-madness.com/wp-content/uploads/2014/05/IMG_2436.jpg"
"Giant Lips Shades (Pink)","http://mayhem-and-madness.com/wp-content/uploads/2014/05/IMG_2434.jpg"
"Top Gun Shades (Silver)","http://mayhem-and-madness.com/wp-content/uploads/2014/05/IMG_2417.jpg"
"HAPPY BIRTHDAY SHADES (Red)","http://mayhem-and-madness.com/wp-content/uploads/2014/05/IMG_2427.jpg"
"HAPPY BIRTHDAY SHADES (Pink)","http://mayhem-and-madness.com/wp-content/uploads/2014/05/IMG_2428.jpg"
"Middle finger Shades (White)","http://mayhem-and-madness.com/wp-content/uploads/2014/05/IMG_2411.jpg"
"LED Butterfly Shades 2 (Pink)","http://mayhem-and-madness.com/wp-content/uploads/2014/05/IMG_2350.jpg"
"LED Happy Birthday Shades (Blue)","http://mayhem-and-madness.com/wp-content/uploads/2014/05/IMG_2340.jpg"
"LED Happy Birthday Shades (Pink)","http://mayhem-and-madness.com/wp-content/uploads/2014/05/IMG_2339.jpg"
"Party Hat (Black)","http://mayhem-and-madness.com/wp-content/uploads/2014/05/IMG_2362.jpg"
"Party Hat (Red)","http://mayhem-and-madness.com/wp-content/uploads/2014/05/IMG_2361.jpg"
"All Good Shades (Blue)","http://mayhem-and-madness.com/wp-content/uploads/2014/05/IMG_2320.jpg"
"All Good Shades (White)","http://mayhem-and-madness.com/wp-content/uploads/2014/05/IMG_2322.jpg"
"All Good Shades (Red)","http://mayhem-and-madness.com/wp-content/uploads/2014/05/IMG_2319.jpg"
"All Good Shades (Yellow)","http://mayhem-and-madness.com/wp-content/uploads/2014/05/IMG_2321.jpg"
"Scorpion Shades","http://mayhem-and-madness.com/wp-content/uploads/2014/05/IMG_2315.jpg"
"Heart with Bow Shades (Black)","http://mayhem-and-madness.com/wp-content/uploads/2014/05/IMG_2310.jpg"
"Heart with Bow Shades (Pink)","http://mayhem-and-madness.com/wp-content/uploads/2014/05/IMG_2308.jpg"
"Heart with Bow Shades (Yellow)","http://mayhem-and-madness.com/wp-content/uploads/2014/05/IMG_2309.jpg"
"Starry Middle Finger Shades (Red)","http://mayhem-and-madness.com/wp-content/uploads/2014/05/IMG_2307.jpg"
"Starry Middle Finger Shades (Green)","http://mayhem-and-madness.com/wp-content/uploads/2014/05/IMG_2306.jpg"
"Starry Middle Finger Shades (White)","http://mayhem-and-madness.com/wp-content/uploads/2014/05/IMG_2305.jpg"
"Forbidden Apple Shades (Red)","http://mayhem-and-madness.com/wp-content/uploads/2014/05/IMG_2332.jpg"
"Forbidden Apple Shades (Purple)","http://mayhem-and-madness.com/wp-content/uploads/2014/05/IMG_2333.jpg"
"Forbidden Apple Shades (White)","http://mayhem-and-madness.com/wp-content/uploads/2014/05/IMG_2334.jpg"
"Trumpet Shades (Red)","http://mayhem-and-madness.com/wp-content/uploads/2014/05/IMG_2311.jpg"
"Trumpet Shades (Pink)","http://mayhem-and-madness.com/wp-content/uploads/2014/05/IMG_2312.jpg"
"Trumpet Shades (White)","http://mayhem-and-madness.com/wp-content/uploads/2014/05/IMG_2313.jpg"
"Trumpet Shades (",""
"BEER MUG SHADES (Green)","http://mayhem-and-madness.com/wp-content/uploads/2014/05/IMG_2325.jpg"
"BIG HAPPY BIRTHDAY SHADES (Red)","http://mayhem-and-madness.com/wp-content/uploads/2014/05/IMG_2323.jpg"
"BIG HAPPY BIRTHDAY SHADES (White)","http://mayhem-and-madness.com/wp-content/uploads/2014/05/IMG_2324.jpg"
"BIRTHDAY CANDLE HAT (Blue)","http://mayhem-and-madness.com/wp-content/uploads/2014/05/IMG_2371.jpg"
"BIRTHDAY CANDLE HAT (Pink)","http://mayhem-and-madness.com/wp-content/uploads/2014/05/IMG_2368.jpg"
"SIDE FEATHER MASK (Blue)","http://mayhem-and-madness.com/wp-content/uploads/2014/05/IMG_2304.jpg"
"SIDE FEATHER MASK (Green)","http://mayhem-and-madness.com/wp-content/uploads/2014/05/IMG_2302.jpg"
"SIDE FEATHER MASK (Pink)","http://mayhem-and-madness.com/wp-content/uploads/2014/05/IMG_2301.jpg"
"SIDE FEATHER MASK (Pink)","http://mayhem-and-madness.com/wp-content/uploads/2014/05/IMG_2301.jpg"
"Top Gun Shades (Pink)","http://mayhem-and-madness.com/wp-content/uploads/2014/05/IMG_2316.jpg"
"Top Gun Shades (Golden)","http://mayhem-and-madness.com/wp-content/uploads/2014/05/IMG_2317.jpg"
"Beer Mug Shades (Yellow and Blue)","http://mayhem-and-madness.com/wp-content/uploads/2014/05/75092_803116729705651_2106705863_n.jpg"
"Butterfly Hairband with Wand","http://mayhem-and-madness.com/wp-content/uploads/2014/05/IMG_2353.jpg"
"Hairband with a Veil (Pink)","http://mayhem-and-madness.com/wp-content/uploads/2014/05/IMG_2335.jpg"
"HALF GLITTER MASK (Red)","http://mayhem-and-madness.com/wp-content/uploads/2014/05/IMG_2355.jpg"
"HALF GLITTER MASK (Blue)","http://mayhem-and-madness.com/wp-content/uploads/2014/05/IMG_2357.jpg"
"HALF GLITTER MASK (Pink)","http://mayhem-and-madness.com/wp-content/uploads/2014/05/IMG_2356.jpg"
"HALF GLITTER MASK (Golden)","http://mayhem-and-madness.com/wp-content/uploads/2014/05/IMG_2358.jpg"
"HALF GLITTER MASK (Purple)","http://mayhem-and-madness.com/wp-content/uploads/2014/05/IMG_2354.jpg"
"Middle finger Shades (Pink)","http://mayhem-and-madness.com/wp-content/uploads/2014/05/IMG_2359.jpg"
"LED BUTTERFLY SHADES (Purple)","http://mayhem-and-madness.com/wp-content/uploads/2014/05/IMG_2345.jpg"
"LED BUTTERFLY SHADES (Pink)","http://mayhem-and-madness.com/wp-content/uploads/2014/05/IMG_2344.jpg"
"CRYSTAL EYE-MASK (Black)","http://mayhem-and-madness.com/wp-content/uploads/2014/05/IMG_2326.jpg"
"CRYSTAL EYE-MASK (White)","http://mayhem-and-madness.com/wp-content/uploads/2014/05/1291992_707380112612647_1907908461_o.jpg"
"VINTAGE ROSE EYE-MASK (Black)","http://mayhem-and-madness.com/wp-content/uploads/2014/05/IMG_2331.jpg"
"Cool Shades (Pink)","http://mayhem-and-madness.com/wp-content/uploads/2014/05/IMG_2314.jpg"
"Gangnam Style Piggy Bank (Pink)","http://mayhem-and-madness.com/wp-content/uploads/2014/05/IMG_2299.jpg"
"VINTAGE ROSE EYE-MASK (Red)","http://mayhem-and-madness.com/wp-content/uploads/2014/05/1274350_707380115945980_291531296_o1.jpg"
"Gangnam Style Piggy Bank (Green)","http://mayhem-and-madness.com/wp-content/uploads/2014/05/IMG_2298.jpg"
"Hawaiin Theme Party Set","http://mayhem-and-madness.com/wp-content/uploads/2014/05/lrgscaleAN1204v2.jpg"
"Disney Princess Invites (10 Pieces)","http://mayhem-and-madness.com/wp-content/uploads/2014/05/IMG_2269.jpg"
"Winnie the Pooh Invites (10 pieces)","http://mayhem-and-madness.com/wp-content/uploads/2014/05/IMG_2283.jpg"
"Strawberry Invites (10 Pieces)","http://mayhem-and-madness.com/wp-content/uploads/2014/05/IMG_2288.jpg"
"Princess Invitation Cards (10 pieces)","http://mayhem-and-madness.com/wp-content/uploads/2014/05/IMG_2290.jpg"
"Crazy Drinking Straws","http://mayhem-and-madness.com/wp-content/uploads/2014/05/IMG_2264.jpg"
"Teddy Bear Foil Balloon (Blue)","http://mayhem-and-madness.com/wp-content/uploads/2014/05/IMG_2257.jpg"
"Happy Birthday Foil Balloon","http://mayhem-and-madness.com/wp-content/uploads/2014/05/IMG_2262.jpg"
"Teddy Bear Foil Balloon (Pink)","http://mayhem-and-madness.com/wp-content/uploads/2014/05/IMG_2261.jpg"
"Teddy Bear Foil Balloon (Pink)",""
"Heart shaped foil balloon (Red)","http://mayhem-and-madness.com/wp-content/uploads/2014/05/Red-Heart-Shape-Helium-Foil-Balloon-RTO-HB36-.jpg"
"LED Ice Cubes (12 Pieces)","http://mayhem-and-madness.com/wp-content/uploads/2014/05/Magnifico-Led-Ice-Cubes-Bj-48-1361005669D0PEV6.jpg"
"Dolphin Foil Ballon","http://mayhem-and-madness.com/wp-content/uploads/2014/05/693794892_643.jpg"
"LED Ice Cubes (1 Piece)","http://mayhem-and-madness.com/wp-content/uploads/2014/05/Magnifico-Led-Ice-Cubes-Bj-48-1361005669D0PEV6.jpg"
"LED Beer Mug","http://mayhem-and-madness.com/wp-content/uploads/2014/05/psflmbm.jpg"
"LED Martini Glass","http://mayhem-and-madness.com/wp-content/uploads/2014/05/LED-Light-up-Martini-Glass.jpg"
"SUPERMAN CANDLE","http://mayhem-and-madness.com/wp-content/uploads/2014/05/1185214_707410532609605_1195028179_n.jpg"
"STAR CANDLES","http://mayhem-and-madness.com/wp-content/uploads/2014/05/1006068_707409872609671_582833110_n.jpg"
"BIRTHDAY CAKE CANDLE","http://mayhem-and-madness.com/wp-content/uploads/2014/05/1231704_707409862609672_81120655_n.jpg"
"TRAIN CANDLES","http://mayhem-and-madness.com/wp-content/uploads/2014/05/1185627_707410989276226_2135261989_n.jpg"
"MICKEY CANDLE","http://mayhem-and-madness.com/wp-content/uploads/2014/05/1185443_707410819276243_1229583817_n1.jpg"
"COLORED FLAME CANDLES","http://mayhem-and-madness.com/wp-content/uploads/2014/05/1186309_707410775942914_1005748566_n.jpg"
"CARS CANDLES","http://mayhem-and-madness.com/wp-content/uploads/2014/05/1157474_707410749276250_1769660356_n.jpg"
"JUNGLE CANDLES","http://mayhem-and-madness.com/wp-content/uploads/2014/05/1235932_707410512609607_147256898_n.jpg"
"WINNIE THE POOH CANDLE","http://mayhem-and-madness.com/wp-content/uploads/2014/05/1175592_707410292609629_531801629_n.jpg"
"HAPPY BIRTHDAY CANDLE","http://mayhem-and-madness.com/wp-content/uploads/2014/05/1236142_707410475942944_1486730656_n.jpg"
"SMILEY CANDLES","http://mayhem-and-madness.com/wp-content/uploads/2014/05/1240068_707410119276313_1692533952_n.jpg"
"MINNIE CANDLE","http://mayhem-and-madness.com/wp-content/uploads/2014/05/1013268_707409815943010_1425015125_n.jpg"
"DUCK CANDLES","http://mayhem-and-madness.com/wp-content/uploads/2014/05/165910_707409802609678_1794391501_n.jpg"
"TEDDY BEAR CANDLES","http://mayhem-and-madness.com/wp-content/uploads/2014/05/1239513_707409832609675_83748913_n.jpg"
"Party Popper (12&#8243;)","http://mayhem-and-madness.com/wp-content/uploads/2014/05/party_popper_new.jpg"
"Party Popper (15&#8243;)","http://mayhem-and-madness.com/wp-content/uploads/2014/05/1150825_696726610344664_340899683_n.jpg"
"1st Birthday Boy Candle","http://mayhem-and-madness.com/wp-content/uploads/2014/05/994565_696736960343629_651494078_n.jpg"
"Musical Flower Candle","http://mayhem-and-madness.com/wp-content/uploads/2014/05/527024_696722660345059_1362350337_n.jpg"
"Champagne Candles","http://mayhem-and-madness.com/wp-content/uploads/2014/05/944803_696722637011728_1711411694_n.jpg"
"Angry Birds Candle","http://mayhem-and-madness.com/wp-content/uploads/2014/05/535804_696722067011785_1182958739_n.jpg"
"Birthday Girl Candle","http://mayhem-and-madness.com/wp-content/uploads/2014/05/556764_696722053678453_1863419708_n.jpg"
"Birthday Boy Candle","http://mayhem-and-madness.com/wp-content/uploads/2014/05/1097951_696722007011791_474061229_n.jpg"
"Coffee Mug","http://mayhem-and-madness.com/wp-content/uploads/2014/05/IMG_2255.jpg"
"Spiral Candle","http://mayhem-and-madness.com/wp-content/uploads/2014/05/1004854_696721930345132_1660626629_n.jpg"
"Magic Candles","http://mayhem-and-madness.com/wp-content/uploads/2014/05/1146511_696721827011809_923079963_n.jpg"
"Handcuffs (Pink)","http://mayhem-and-madness.com/wp-content/uploads/2014/05/61vD1kdvoHL._SL1500_.jpg"
"Happy Birthday Eye Mask","http://mayhem-and-madness.com/wp-content/uploads/2014/05/DSC01869.jpg"
"Spongebob Shades","http://mayhem-and-madness.com/wp-content/uploads/2014/05/DSC01861.jpg"
"BEER HELMET (Red)","http://mayhem-and-madness.com/wp-content/uploads/2014/05/wt14_2.jpg"
"BEER HELMET (Yellow)","http://mayhem-and-madness.com/wp-content/uploads/2014/05/31YInqd1hDL._SX300_1.jpg"
"BEER HELMET (Blue)","http://mayhem-and-madness.com/wp-content/uploads/2014/05/1000x10001.jpg"
"Hide and Seek Shades","http://mayhem-and-madness.com/wp-content/uploads/2014/05/DSC01823.jpg"
"Cat Eye Giant Shades","http://mayhem-and-madness.com/wp-content/uploads/2014/05/DSC01832.jpg"
"Glow Bunny Ears (Orange)","http://mayhem-and-madness.com/wp-content/uploads/2014/05/GBE-01.jpg"
"Glow Bunny Ears (Yellow)","http://mayhem-and-madness.com/wp-content/uploads/2014/05/glowing-bunny-ears-yellow-large_2.jpg"
"Bat Shades","http://mayhem-and-madness.com/wp-content/uploads/2014/05/DSC01795.jpg"
"Diva Shades (Pink)","http://mayhem-and-madness.com/wp-content/uploads/2014/05/DSC01794.jpg"
"Moustache Shades","http://mayhem-and-madness.com/wp-content/uploads/2014/05/DSC01783.jpg"
"Feather Shades (Pink)","http://mayhem-and-madness.com/wp-content/uploads/2014/05/DSC017791.jpg"
"Scary Face Moustache","http://mayhem-and-madness.com/wp-content/uploads/2014/05/DSC017771.jpg"
"WITCH&#8217;S NOSE","http://mayhem-and-madness.com/wp-content/uploads/2014/05/DSC01650.jpg"
"CLOWN NOSE","http://mayhem-and-madness.com/wp-content/uploads/2014/05/DSC01649.jpg"
"CYCLE SHADES (Pink)","http://mayhem-and-madness.com/wp-content/uploads/2014/05/DSC01622.jpg"
"GUITAR SHADES (Golden-Red)","http://mayhem-and-madness.com/wp-content/uploads/2014/05/DSC016191.jpg"
"Middle finger Shades","http://mayhem-and-madness.com/wp-content/uploads/2014/05/DSC016141.jpg"
"Face Moustache","http://mayhem-and-madness.com/wp-content/uploads/2014/05/DSC015921.jpg"
"SMILEY SHADES","http://mayhem-and-madness.com/wp-content/uploads/2014/05/1238208_707379742612684_1259976429_n1.jpg"
"BEER MUG SHADES","http://mayhem-and-madness.com/wp-content/uploads/2014/05/1240424_707379492612709_246213648_n1.jpg"
"Rainbow Mohawk Wig","http://mayhem-and-madness.com/wp-content/uploads/2014/05/182823_653031494714176_1966962238_n1.jpg"
"Pirate Eye Patch","http://mayhem-and-madness.com/wp-content/uploads/2014/05/944214_653029878047671_1518723367_n1.jpg"
"3D Eye Mask (6 Pieces)","http://mayhem-and-madness.com/wp-content/uploads/2014/05/15658_695579343792724_1827967564_n.jpg"
"Party moustache set","http://mayhem-and-madness.com/wp-content/uploads/2014/05/943686_652731088077550_1724947825_n1.jpg"
"Curly Hair Wig (Multicolored)","http://mayhem-and-madness.com/wp-content/uploads/2014/05/942340_652730991410893_1636724756_n1.jpg"
"Bunny Ears","http://mayhem-and-madness.com/wp-content/uploads/2014/05/FREE-SHIPPING-Carnival-Party-Props-Headband-Sexy-font-b-Bunny-b-font-Girl-Cosplay-font-b.jpg"
"I&#8217;m Single Tie","http://mayhem-and-madness.com/wp-content/uploads/2014/05/IMG_22481.jpg"
"Chak De","http://mayhem-and-madness.com/wp-content/uploads/2014/05/chak-copy.png"
"I&#8217;m Sexy","http://mayhem-and-madness.com/wp-content/uploads/2014/05/0002851_im_sexy_and_i_know_it.png"
"Don&#8217;t Angry Me","http://mayhem-and-madness.com/wp-content/uploads/2014/05/DONT.png"
"Hato Na &#8211; A3","http://mayhem-and-madness.com/wp-content/uploads/2014/05/HATONA.png"
"Hato Na &#8211; A4","http://mayhem-and-madness.com/wp-content/uploads/2014/05/HATONA.png"
"Bad Influence (Copy)",""
"Bad Influence","http://mayhem-and-madness.com/wp-content/uploads/2014/05/BADIN.png"
"Angel/Devil","http://mayhem-and-madness.com/wp-content/uploads/2014/05/ANGELDEVIL.png"
"King&#8217;s Crown","http://mayhem-and-madness.com/wp-content/uploads/2014/05/IMG_2201.jpg"
"Beard","http://mayhem-and-madness.com/wp-content/uploads/2014/05/IMG_2231.jpg"
"Splash shades (Yellow)","http://mayhem-and-madness.com/wp-content/uploads/2014/05/IMG_2174.jpg"
"Pineapple Shades (Green)","http://mayhem-and-madness.com/wp-content/uploads/2014/05/IMG_2192.jpg"
"Pineapple Shades (Red)","http://mayhem-and-madness.com/wp-content/uploads/2014/05/IMG_2213.jpg"
"Hypnotic Shades (Red)","http://mayhem-and-madness.com/wp-content/uploads/2014/05/IMG_2196.jpg"
"Hypnotic Shades (Black)","http://mayhem-and-madness.com/wp-content/uploads/2014/05/IMG_2197.jpg"
"FEATHER-STONE MASKS (Black)","http://mayhem-and-madness.com/wp-content/uploads/2014/05/DSC01888.jpg"
"FEATHER-STONE MASKS (Pink)","http://mayhem-and-madness.com/wp-content/uploads/2014/05/DSC01892.jpg"
"KRISH MASK","http://mayhem-and-madness.com/wp-content/uploads/2014/05/DSC01907.jpg"
"LED STAR SHADES (Pink)","http://mayhem-and-madness.com/wp-content/uploads/2014/05/IMG_2240.jpg"
"LED STAR SHADES (Green)","http://mayhem-and-madness.com/wp-content/uploads/2014/05/DSC01905.jpg"
"TOO-HOT-TO-HANDLE SHADES","http://mayhem-and-madness.com/wp-content/uploads/2014/05/DSC01903.jpg"
"BIG GUITAR SHADES (Red)","http://mayhem-and-madness.com/wp-content/uploads/2014/05/IMG_2194.jpg"
"BIG GUITAR SHADES (Blue)","http://mayhem-and-madness.com/wp-content/uploads/2014/05/DSC01901.jpg"
"PRINCESS SHADES","http://mayhem-and-madness.com/wp-content/uploads/2014/05/DSC01899.jpg"
"Jumbo Green Shades","http://mayhem-and-madness.com/wp-content/uploads/2014/05/DSC01895.jpg"
"Full White Mask","http://mayhem-and-madness.com/wp-content/uploads/2014/05/DSC01887.jpg"
"FULL GOLD METALLIC MASK","http://mayhem-and-madness.com/wp-content/uploads/2014/05/DSC01886.jpg"
"FLOWER SHADES (Golden)","http://mayhem-and-madness.com/wp-content/uploads/2014/05/DSC01885.jpg"
"FLOWER SHADES (Silver)","http://mayhem-and-madness.com/wp-content/uploads/2014/05/IMG_2207.jpg"
"IMPERIAL CROWN HAT (Blue)","http://mayhem-and-madness.com/wp-content/uploads/2014/05/DSC01884.jpg"
"LED POLKA DOTS MICKEY HAIRBAND (Blue)","http://mayhem-and-madness.com/wp-content/uploads/2014/05/DSC01881.jpg"
"LED POLKA DOTS MICKEY HAIRBAND (Red)","http://mayhem-and-madness.com/wp-content/uploads/2014/05/IMG_2204.jpg"
"LED POLKA DOTS MICKEY HAIRBAND (Pink)","http://mayhem-and-madness.com/wp-content/uploads/2014/05/IMG_2206.jpg"
"LED POLKA DOTS MICKEY HAIRBAND (Pink)",""
"Princess Crown (Pink)","http://mayhem-and-madness.com/wp-content/uploads/2014/05/IMG_2172.jpg"
"Princess Crown (White)","http://mayhem-and-madness.com/wp-content/uploads/2014/05/IMG_2170.jpg"
"SUNFLOWER HAIRBAND","http://mayhem-and-madness.com/wp-content/uploads/2014/05/DSC01877.jpg"
"BIG LED MICKEY  HAIRBAND (Red)","http://mayhem-and-madness.com/wp-content/uploads/2014/05/DSC01876.jpg"
"PRINCESS STONE TIARA","http://mayhem-and-madness.com/wp-content/uploads/2014/05/DSC01874.jpg"
"Crown Shades (Golden)","http://mayhem-and-madness.com/wp-content/uploads/2014/05/IMG_2195.jpg"
"Crown Shades (Silver)","http://mayhem-and-madness.com/wp-content/uploads/2014/05/1932279_807770442573613_1593939871_n.jpg"
"Skull Shades (Silver)","http://mayhem-and-madness.com/wp-content/uploads/2014/05/IMG_2202.jpg"
"Skull Shades (Golden)","http://mayhem-and-madness.com/wp-content/uploads/2014/05/DSC01864.jpg"
"Crown (Silver)","http://mayhem-and-madness.com/wp-content/uploads/2014/05/IMG_2175.jpg"
"Crown (Golden)","http://mayhem-and-madness.com/wp-content/uploads/2014/05/DSC01859.jpg"
"Hands Shades (Pink)","http://mayhem-and-madness.com/wp-content/uploads/2014/05/IMG_2217.jpg"
"Hands Shades (Golden)","http://mayhem-and-madness.com/wp-content/uploads/2014/05/DSC01858.jpg"
"TRIPPY LED SHADES (Blue)","http://mayhem-and-madness.com/wp-content/uploads/2014/05/IMG_2208.jpg"
"Giant Lips Shades (Golden)","http://mayhem-and-madness.com/wp-content/uploads/2014/05/IMG_2210.jpg"
"Giant Lips Shades (Red)","http://mayhem-and-madness.com/wp-content/uploads/2014/05/IMG_2242.jpg"
"Small Shutter Shades (Glitter Blue)","http://mayhem-and-madness.com/wp-content/uploads/2014/05/IMG_2245.jpg"
"Small Shutter Shades (Red)","http://mayhem-and-madness.com/wp-content/uploads/2014/05/IMG_2246.jpg"
"Small Shutter Shades (Pink)","http://mayhem-and-madness.com/wp-content/uploads/2014/05/DSC01781.jpg"
"Bunny Shades (Black)","http://mayhem-and-madness.com/wp-content/uploads/2014/05/IMG_2215.jpg"
"Bunny Shades (White)","http://mayhem-and-madness.com/wp-content/uploads/2014/05/DSC01780.jpg"
"ALIEN SHADES (Green)","http://mayhem-and-madness.com/wp-content/uploads/2014/05/IMG_2147.jpg"
"LED HEART SHADES (Blue)","http://mayhem-and-madness.com/wp-content/uploads/2014/05/IMG_2220.jpg"
"RETRO SHADES (Red)","http://mayhem-and-madness.com/wp-content/uploads/2014/05/DSC01657.jpg"
"RETRO SHADES (Orange)","http://mayhem-and-madness.com/wp-content/uploads/2014/05/IMG_2123.jpg"
"Beer Bottle Shades (Brown)","http://mayhem-and-madness.com/wp-content/uploads/2014/05/IMG_2173.jpg"
"Beer Bottle Shades (Yellow)","http://mayhem-and-madness.com/wp-content/uploads/2014/05/IMG_2203.jpg"
"BEER BOTTLE SHADES (Green)","http://mayhem-and-madness.com/wp-content/uploads/2014/05/7856_707379682612690_1549925198_n.jpg"
"PIRATE SHADES (Purple)","http://mayhem-and-madness.com/wp-content/uploads/2014/05/IMG_2236.jpg"
"X-RAY GOGGLES (Blue)","http://mayhem-and-madness.com/wp-content/uploads/2014/05/IMG_2227.jpg"
"Star Shades Jumbo (Green)","http://mayhem-and-madness.com/wp-content/uploads/2014/05/IMG_21241.jpg"
"Star Shades Jumbo (Blue)","http://mayhem-and-madness.com/wp-content/uploads/2014/05/IMG_21251.jpg"
"Star Shades Jumbo (Glitter Blue)","http://mayhem-and-madness.com/wp-content/uploads/2014/05/IMG_2211.jpg"
"Giant Shutter shades (Glitter Green)","http://mayhem-and-madness.com/wp-content/uploads/2014/05/IMG_2212.jpg"
"Giant Shutter Shades (Orange)","http://mayhem-and-madness.com/wp-content/uploads/2014/05/IMG_2214.jpg"
"Cool Shades (Yellow)","http://mayhem-and-madness.com/wp-content/uploads/2014/05/IMG_21201.jpg"
"Cool Shades (Red)","http://mayhem-and-madness.com/wp-content/uploads/2014/05/IMG_21211.jpg"
"Hawaiin Party Skirt (Red)","http://mayhem-and-madness.com/wp-content/uploads/2014/05/IMG_2169.jpg"
"Hawaiin Party skirt (Green)","http://mayhem-and-madness.com/wp-content/uploads/2014/05/IMG_2167.jpg"
"Hawaiin Party Skirt (Purple)","http://mayhem-and-madness.com/wp-content/uploads/2014/05/IMG_2161.jpg"
"21st Princess Sash","http://mayhem-and-madness.com/wp-content/uploads/2014/05/IMG_2140.jpg"
"Stone Headband (Blue)","http://mayhem-and-madness.com/wp-content/uploads/2014/05/IMG_2144.jpg"
"Stone Headband (Pink)","http://mayhem-and-madness.com/wp-content/uploads/2014/05/IMG_2143.jpg"
"Stone Headband (Red)","http://mayhem-and-madness.com/wp-content/uploads/2014/05/IMG_2142.jpg"
"Anniversary Candle","http://mayhem-and-madness.com/wp-content/uploads/2014/05/IMG_2141.jpg"
"Big Moustache","http://mayhem-and-madness.com/wp-content/uploads/2014/05/IMG_2149.jpg"
"Birthday Polka Dots Cap (Pink)","http://mayhem-and-madness.com/wp-content/uploads/2014/05/IMG_2106.jpg"
"Birthday Polka Dots Cap (Blue)","http://mayhem-and-madness.com/wp-content/uploads/2014/05/IMG_2107.jpg"
"Sticks Props Party Set (10 Pieces)","http://mayhem-and-madness.com/wp-content/uploads/2014/05/IMG_2158.jpg"
"Bridesmaid Tiara (White)","http://mayhem-and-madness.com/wp-content/uploads/2014/05/IMG_2155.jpg"
"Bridesmaid Tiara (Pink)","http://mayhem-and-madness.com/wp-content/uploads/2014/05/IMG_2154.jpg"
"Bridesmaid Tiara (Yellow-Blue)","http://mayhem-and-madness.com/wp-content/uploads/2014/05/IMG_2153.jpg"
"Bridesmaid Tiara (Purple-White)","http://mayhem-and-madness.com/wp-content/uploads/2014/05/IMG_2151.jpg"
"Bridesmaid Tiara (Red)","http://mayhem-and-madness.com/wp-content/uploads/2014/05/IMG_2145.jpg"
"Bride-to-be Sash (Pink)","http://mayhem-and-madness.com/wp-content/uploads/2014/05/IMG_2138.jpg"
"Bride-to-be Sash (White)","http://mayhem-and-madness.com/wp-content/uploads/2014/05/IMG_2135.jpg"
"Hen Party Hairband","http://mayhem-and-madness.com/wp-content/uploads/2014/05/IMG_21321.jpg"
"Shot Glasses with beads","http://mayhem-and-madness.com/wp-content/uploads/2014/05/IMG_2113.jpg"
"Bride-to-be Hairband","http://mayhem-and-madness.com/wp-content/uploads/2014/05/10307420_856808884336435_8048920909362317377_n.png"
"Christmas Shades (Pink)","http://mayhem-and-madness.com/wp-content/uploads/2014/05/IMG_2129.jpg"
"Christmas Shades (Green)","http://mayhem-and-madness.com/wp-content/uploads/2014/05/IMG_2128.jpg"
"Flame Shades (Pink)","http://mayhem-and-madness.com/wp-content/uploads/2014/05/IMG_2126.jpg"
"Flame Shades (Blue)","http://mayhem-and-madness.com/wp-content/uploads/2014/05/IMG_2127.jpg"
"Rockstar Shades (Blue)","http://mayhem-and-madness.com/wp-content/uploads/2014/05/IMG_2114.jpg"
"Clown Shades","http://mayhem-and-madness.com/wp-content/uploads/2014/05/IMG_2117.jpg"
"Moustache, Lips and Bow Stick Set","http://mayhem-and-madness.com/wp-content/uploads/2014/05/IMG_2110.jpg"
"Party Tie Check Print (12 Pieces)","http://mayhem-and-madness.com/wp-content/uploads/2014/05/IMG_20591.jpg"
"Party Tie Check Print (1 Piece)","http://mayhem-and-madness.com/wp-content/uploads/2014/05/IMG_20591.jpg"
"Tiger Print Set","http://mayhem-and-madness.com/wp-content/uploads/2014/05/IMG_20581.jpg"
"Cheetah Print Set","http://mayhem-and-madness.com/wp-content/uploads/2014/05/IMG_20571.jpg"
"Glow in the Dark Frog Mask","http://mayhem-and-madness.com/wp-content/uploads/2014/05/IMG_20561.jpg"
"Flower Tiara","http://mayhem-and-madness.com/wp-content/uploads/2014/05/IMG_20451.jpg"
"Weird Shades &#8211; Pink","http://mayhem-and-madness.com/wp-content/uploads/2014/05/IMG_20431.jpg"
"Mocktail Shades","http://mayhem-and-madness.com/wp-content/uploads/2014/05/IMG_2038.jpg"
"Plan a Party",""
"Old Man Shades","http://mayhem-and-madness.com/wp-content/uploads/2014/05/IMG_2047-e1399237595888.jpg"
"Baby Girl Foil Balloon","http://mayhem-and-madness.com/wp-content/uploads/2014/05/IMG_2099.jpg"
"Baby Boy Foil Balloon","http://mayhem-and-madness.com/wp-content/uploads/2014/05/IMG_2101.jpg"
"Scooter Love Photo Frame (7&#8243; X 5&#8243;)","http://mayhem-and-madness.com/wp-content/uploads/2014/05/IMG_2060-copym.png"
"Beer Hat","http://mayhem-and-madness.com/wp-content/uploads/2014/05/DSC01872-e1399322422314.jpg"
"Decorative Cage with Flowers","http://mayhem-and-madness.com/wp-content/uploads/2014/05/IMG_1841m-e1399324358554.jpg"
"Decorative Cage White","http://mayhem-and-madness.com/wp-content/uploads/2014/05/IMG_1839m-e1399324256759.jpg"
"Sky Lanterns (Set of 50)","http://mayhem-and-madness.com/wp-content/uploads/2014/04/Mackinac-Island-Wedding-Sky-Lantern.jpg"
"Sky Lantern (Set of 20)","http://mayhem-and-madness.com/wp-content/uploads/2014/05/sky-lantern-small.jpg"
"Sky Lanterns (Set of 2)","http://mayhem-and-madness.com/wp-content/uploads/2014/05/sky-lantern-small.jpg"